"","Package","LibPath","Version","Priority","Depends","Imports","LinkingTo","Suggests","Enhances","License","License_is_FOSS","License_restricts_use","OS_type","MD5sum","NeedsCompilation","Built"
"abd","abd","E:/R-3.3.1/library","0.2-8",NA,"R (>= 3.0), nlme, lattice, grid, mosaic",NA,NA,"boot, car, ggplot2, plyr, HH, ICC, vcd, Hmisc",NA,"GPL-2",NA,NA,NA,NA,"no","3.3.1"
"abind","abind","E:/R-3.3.1/library","1.4-5",NA,"R (>= 1.5.0)","methods, utils",NA,NA,NA,"LGPL (>= 2)",NA,NA,NA,NA,"no","3.3.1"
"acepack","acepack","E:/R-3.3.1/library","1.3-3.3",NA,NA,NA,NA,NA,NA,"MIT + file LICENSE",NA,NA,NA,NA,"yes","3.3.1"
"addinplots","addinplots","E:/R-3.3.1/library","0.1.3",NA,"
R (>= 3.0.0)","
Hmisc,
lattice,
miniUI,
rstudioapi (>= 0.4),
shiny (>= 0.13),
shinyCustom",NA,NA,NA,"GPL (>=3)",NA,NA,NA,NA,NA,"3.2.3"
"AlgDesign","AlgDesign","E:/R-3.3.1/library","1.1-7.3",NA,NA,NA,NA,NA,NA,"GPL (>= 2)",NA,NA,NA,NA,"yes","3.3.1"
"aplpack","aplpack","E:/R-3.3.1/library","1.3.0",NA,"R (>= 2.8.0), tcltk",NA,NA,"tkrplot",NA,"GPL (>= 2)",NA,NA,NA,NA,"no","3.3.0"
"arm","arm","E:/R-3.3.1/library","1.8-6",NA,"R (>= 3.1.0), MASS, Matrix (>= 1.0), stats, lme4 (>= 1.0)","abind, coda, graphics, grDevices, methods, nlme, utils",NA,NA,NA,"GPL (>= 2)",NA,NA,NA,NA,"no","3.3.1"
"assertthat","assertthat","E:/R-3.3.1/library","0.1",NA,NA,NA,NA,"testthat",NA,"GPL-3",NA,NA,NA,NA,"no","3.3.1"
"base","base","E:/R-3.3.1/library","3.3.1","base",NA,NA,NA,"methods",NA,"Part of R 3.3.1",NA,NA,NA,NA,NA,"3.3.1"
"base64enc","base64enc","E:/R-3.3.1/library","0.1-3",NA,"R (>= 2.9.0)",NA,NA,NA,"png","GPL-2 | GPL-3",NA,NA,NA,NA,"yes","3.3.0"
"BH","BH","E:/R-3.3.1/library","1.60.0-2",NA,NA,NA,NA,NA,NA,"BSL-1.0",NA,NA,NA,NA,"no","3.3.0"
"BiasedUrn","BiasedUrn","E:/R-3.3.1/library","1.07",NA,NA,NA,NA,NA,NA,"GPL-3",NA,NA,NA,NA,"yes","3.3.0"
"bitops","bitops","E:/R-3.3.1/library","1.0-6",NA,NA,NA,NA,NA,NA,"GPL (>= 2)",NA,NA,NA,NA,"yes","3.3.0"
"boot","boot","E:/R-3.3.1/library","1.3-18","recommended","R (>= 3.0.0), graphics, stats",NA,NA,"MASS, survival",NA,"Unlimited",NA,NA,NA,NA,"no","3.3.1"
"BsMD","BsMD","E:/R-3.3.1/library","2013.0718",NA,"R(>= 2.14.0)",NA,NA,NA,NA,"GPL (>= 2)",NA,NA,NA,NA,"yes","3.3.0"
"car","car","E:/R-3.3.1/library","2.1-2",NA,"R (>= 3.2.0)","MASS, mgcv, nnet, pbkrtest (>= 0.4-4), quantreg, grDevices,
utils, stats, graphics",NA,"alr4, boot, coxme, leaps, lme4, lmtest, Matrix, MatrixModels,
nlme, rgl (>= 0.93.960), sandwich, SparseM, survival, survey",NA,"GPL (>= 2)",NA,NA,NA,NA,"no","3.3.0"
"caTools","caTools","E:/R-3.3.1/library","1.17.1",NA,"R (>= 2.2.0)","bitops",NA,"MASS, rpart",NA,"GPL-3",NA,NA,NA,NA,"yes","3.3.1"
"chron","chron","E:/R-3.3.1/library","2.3-47",NA,"R (>= 2.12.0)","graphics, stats",NA,"scales, ggplot2","zoo","GPL-2",NA,NA,NA,NA,"yes","3.3.1"
"class","class","E:/R-3.3.1/library","7.3-14","recommended","R (>= 3.0.0), stats, utils","MASS",NA,NA,NA,"GPL-2 | GPL-3",NA,NA,NA,NA,"yes","3.3.1"
"cluster","cluster","E:/R-3.3.1/library","2.0.4","recommended","R (>= 3.0.1)","graphics, grDevices, stats, utils",NA,"MASS",NA,"GPL (>= 2)",NA,NA,NA,NA,"yes","3.3.1"
"coda","coda","E:/R-3.3.1/library","0.18-1",NA,"R (>= 2.14.0)","lattice",NA,NA,NA,"GPL (>= 2)",NA,NA,NA,NA,"no","3.3.1"
"codetools","codetools","E:/R-3.3.1/library","0.2-14","recommended","R (>= 2.1)",NA,NA,NA,NA,"GPL",NA,NA,NA,NA,"no","3.3.1"
"coin","coin","E:/R-3.3.1/library","1.1-2",NA,"R (>= 2.14.0), methods, survival","stats, modeltools (>= 0.2-9), mvtnorm (>= 1.0-3), multcomp",NA,"parallel, xtable, e1071, vcd, TH.data",NA,"GPL-2",NA,NA,NA,NA,"yes","3.3.1"
"colorspace","colorspace","E:/R-3.3.1/library","1.2-6",NA,"R (>= 2.13.0), methods","graphics",NA,"KernSmooth, MASS, kernlab, mvtnorm, vcd, dichromat, tcltk",NA,"BSD_3_clause + file LICENSE",NA,NA,NA,NA,"yes","3.3.1"
"combinat","combinat","E:/R-3.3.1/library","0.0-8",NA,NA,NA,NA,NA,NA,"GPL-2",NA,NA,NA,NA,NA,"3.3.0"
"compiler","compiler","E:/R-3.3.1/library","3.3.1","base",NA,NA,NA,NA,NA,"Part of R 3.3.1",NA,NA,NA,NA,NA,"3.3.1"
"conf.design","conf.design","E:/R-3.3.1/library","2.0.0",NA,NA,NA,NA,"stats, utils",NA,"GPL-2",NA,NA,NA,NA,"no","3.3.0"
"contfrac","contfrac","E:/R-3.3.1/library","1.1-10",NA,NA,NA,NA,NA,NA,"GPL-2",NA,NA,NA,NA,"yes","3.3.0"
"crayon","crayon","E:/R-3.3.1/library","1.3.1",NA,NA,"memoise, grDevices, methods, utils",NA,"testthat",NA,"MIT + file LICENSE",NA,NA,NA,NA,"no","3.3.1"
"curl","curl","E:/R-3.3.1/library","0.9.7",NA,"R (>= 3.0.0)",NA,NA,"testthat, knitr, jsonlite, rmarkdown, magrittr",NA,"MIT + file LICENSE",NA,NA,NA,NA,"yes","3.3.0"
"data.table","data.table","E:/R-3.3.1/library","1.9.6",NA,"R (>= 2.14.1)","methods, chron",NA,"ggplot2 (>= 0.9.0), plyr, reshape, reshape2, testthat (>=
0.4), hexbin, fastmatch, nlme, xts, bit64, gdata,
GenomicRanges, caret, knitr, curl, zoo, plm",NA,"GPL (>= 2)",NA,NA,NA,NA,"yes","3.3.0"
"datasets","datasets","E:/R-3.3.1/library","3.3.1","base",NA,NA,NA,NA,NA,"Part of R 3.3.1",NA,NA,NA,NA,NA,"3.3.1"
"DBI","DBI","E:/R-3.3.1/library","0.4-1",NA,"R (>= 2.15.0), methods",NA,NA,"testthat, RSQLite, knitr, covr",NA,"LGPL (>= 2)",NA,NA,NA,NA,"no","3.3.0"
"deSolve","deSolve","E:/R-3.3.1/library","1.13",NA,"R (>= 2.15.0)","methods, graphics, grDevices, stats",NA,"scatterplot3d",NA,"GPL (>= 2)",NA,NA,NA,NA,"yes","3.3.0"
"DiagrammeR","DiagrammeR","E:/R-3.3.1/library","0.8.2",NA,NA,"htmlwidgets (>= 0.5), rstudioapi (>= 0.3.1), stringr (>=
1.0.0), visNetwork (>= 0.1.2), scales (>= 0.3.0)",NA,"knitr, testthat",NA,"MIT + file LICENSE",NA,NA,NA,NA,"no","3.3.1"
"DiceDesign","DiceDesign","E:/R-3.3.1/library","1.7",NA,NA,NA,NA,"rgl, randtoolbox, lattice",NA,"GPL-3",NA,NA,NA,NA,"yes","3.3.1"
"dichromat","dichromat","E:/R-3.3.1/library","2.0-0",NA,"R (>= 2.10), stats",NA,NA,NA,NA,"GPL-2",NA,NA,NA,NA,NA,"3.3.0"
"digest","digest","E:/R-3.3.1/library","0.6.9",NA,"R (>= 2.4.1)",NA,NA,"knitr, rmarkdown",NA,"GPL-2",NA,NA,NA,NA,"yes","3.3.1"
"DoE.base","DoE.base","E:/R-3.3.1/library","0.28",NA,"R(>= 2.10.0), grid, conf.design","stats, utils, graphics, vcd, combinat, MASS",NA,NA,NA,"GPL (>= 2)",NA,NA,NA,NA,"no","3.3.0"
"DoE.wrapper","DoE.wrapper","E:/R-3.3.1/library","0.8-10",NA,"R(>= 2.13.0), FrF2(>= 1.6-5), DoE.base(>= 0.23-4), rsm","lhs, DiceDesign, AlgDesign(>= 1.1)",NA,NA,NA,"GPL (>= 2)",NA,NA,NA,NA,"no","3.3.1"
"doParallel","doParallel","E:/R-3.3.1/library","1.0.10",NA,"R (>= 2.14.0), foreach(>= 1.2.0), iterators(>= 1.0.0),
parallel, utils",NA,NA,"caret, mlbench, rpart","compiler, RUnit","GPL-2",NA,NA,NA,NA,"no","3.3.1"
"dplyr","dplyr","E:/R-3.3.1/library","0.5.0",NA,"R (>= 3.1.2)","assertthat, utils, R6, Rcpp (>= 0.12.3), tibble, magrittr,
lazyeval (>= 0.1.10), DBI (>= 0.4.1)","Rcpp (>= 0.12.0), BH (>= 1.58.0-1)","RSQLite (>= 1.0.0), RMySQL, RPostgreSQL, testthat, knitr,
microbenchmark, ggplot2, mgcv, Lahman (>= 3.0-1), nycflights13,
methods, rmarkdown, covr, dtplyr",NA,"MIT + file LICENSE",NA,NA,NA,NA,"yes","3.3.1"
"e1071","e1071","E:/R-3.3.1/library","1.6-7",NA,NA,"graphics, grDevices, class, stats, methods, utils",NA,"cluster, mlbench, nnet, randomForest, rpart, SparseM, xtable,
Matrix, MASS",NA,"GPL-2",NA,NA,NA,NA,"yes","3.3.1"
"EcoVirtual","EcoVirtual","E:/R-3.3.1/library","0.1",NA,"tcltk",NA,NA,NA,NA,"GPL (>= 2)",NA,NA,NA,NA,"no","3.3.0"
"effects","effects","E:/R-3.3.1/library","3.1-1",NA,"R (>= 3.2.0)","lme4, nnet, lattice, grid, colorspace, graphics, grDevices,
stats, utils",NA,"pbkrtest (>= 0.4-4), nlme, MASS, poLCA, heplots, splines,
ordinal, car",NA,"GPL (>= 2)",NA,NA,NA,NA,"no","3.3.0"
"ellipse","ellipse","E:/R-3.3.1/library","0.3-8",NA,"R (>= 2.0.0),graphics,stats",NA,NA,"MASS",NA,"GPL (>= 2)",NA,NA,NA,NA,"no","3.3.1"
"elliptic","elliptic","E:/R-3.3.1/library","1.3-7",NA,"R (>= 2.5.0)","MASS",NA,"emulator, calibrator",NA,"GPL-2",NA,NA,NA,NA,"no","3.3.0"
"ENmisc","ENmisc","E:/R-3.3.1/library","1.2-7",NA,"Hmisc, vcd (>= 1.2-11), RColorBrewer",NA,NA,"Rcmdr, gWidgets (>= 0.0-45), gWidgetstcltk (>= 0.0-44)",NA,"GPL-2",NA,NA,NA,NA,"no","3.3.1"
"epiR","epiR","E:/R-3.3.1/library","0.9-77",NA,"R (>= 3.0.0), survival","BiasedUrn, methods",NA,"MASS (>= 3.1-20)",NA,"GPL (>= 2)",NA,NA,NA,NA,"no","3.3.0"
"evaluate","evaluate","E:/R-3.3.1/library","0.9",NA,"R (>= 3.0.2)","methods, stringr (>= 0.6.2)",NA,"testthat, lattice, ggplot2",NA,"MIT + file LICENSE",NA,NA,NA,NA,"no","3.3.0"
"exams","exams","E:/R-3.3.1/library","2.1-0",NA,"R (>= 2.15.0)","stats, graphics, grDevices, tools, utils",NA,"base64enc, knitr, parallel, png, RCurl, RJSONIO, rmarkdown,
tth",NA,"GPL-2 | GPL-3",NA,NA,NA,NA,"no","3.3.1"
"fAsianOptions","fAsianOptions","E:/R-3.3.1/library","3010.79",NA,"R (>= 2.4.0), timeDate, timeSeries, fBasics, fOptions",NA,NA,"RUnit",NA,"GPL (>= 2)",NA,NA,NA,NA,"yes","3.3.1"
"fBasics","fBasics","E:/R-3.3.1/library","3011.87",NA,"R (>= 2.15.1), timeDate, timeSeries","gss, stabledist, MASS",NA,"methods, spatial, RUnit, tcltk, akima",NA,"GPL (>= 2)",NA,NA,NA,NA,"yes","3.3.1"
"fOptions","fOptions","E:/R-3.3.1/library","3022.85",NA,"timeDate, timeSeries, fBasics","graphics, methods, stats",NA,"RUnit, tcltk",NA,"GPL (>= 2)",NA,NA,NA,NA,"yes","3.3.1"
"foreach","foreach","E:/R-3.3.1/library","1.4.3",NA,"R (>= 2.5.0)","codetools, utils, iterators",NA,"randomForest","compiler, doMC, RUnit, doParallel","Apache License (== 2.0)",NA,NA,NA,NA,"no","3.3.1"
"forecast","forecast","E:/R-3.3.1/library","7.1",NA,"R (>= 3.0.2), stats, graphics, zoo, timeDate","tseries, fracdiff, Rcpp (>= 0.11.0), nnet, colorspace,
parallel, ggplot2 (>= 2.0.0)","Rcpp (>= 0.11.0), RcppArmadillo (>= 0.2.35)","testthat",NA,"GPL (>= 2)",NA,NA,NA,NA,"yes","3.3.0"
"foreign","foreign","E:/R-3.3.1/library","0.8-66","recommended","R (>= 3.0.0)","methods, utils, stats",NA,NA,NA,"GPL (>= 2)",NA,NA,NA,NA,"yes","3.3.1"
"formatR","formatR","E:/R-3.3.1/library","1.4",NA,"R (>= 3.0.2)",NA,NA,"codetools, shiny, testit, knitr",NA,"GPL",NA,NA,NA,NA,"no","3.3.0"
"Formula","Formula","E:/R-3.3.1/library","1.2-1",NA,"R (>= 2.0.0), stats",NA,NA,NA,NA,"GPL-2 | GPL-3",NA,NA,NA,NA,"no","3.3.0"
"fracdiff","fracdiff","E:/R-3.3.1/library","1.4-2",NA,NA,NA,NA,"longmemo, urca",NA,"GPL (>= 2)",NA,NA,NA,NA,NA,"3.3.1"
"FrF2","FrF2","E:/R-3.3.1/library","1.7-1",NA,"R(>= 2.13.0), DoE.base(>= 0.25)","sfsmisc(>= 1.0-26), BsMD, utils, scatterplot3d, igraph(>= 0.7)",NA,"FrF2.catlg128",NA,"GPL (>= 2)",NA,NA,NA,NA,"no","3.3.1"
"gam","gam","E:/R-3.3.1/library","1.12",NA,"stats, splines, foreach",NA,NA,"akima",NA,"GPL-2",NA,NA,NA,NA,"yes","3.3.1"
"ggdendro","ggdendro","E:/R-3.3.1/library","0.1-20",NA,NA,"MASS, ggplot2(>= 0.9.2)",NA,"rpart(>= 4.0-0), tree, testthat, knitr, cluster, scales",NA,"GPL-2 | GPL-3",NA,NA,NA,NA,"no","3.3.0"
"ggplot2","ggplot2","E:/R-3.3.1/library","2.1.0",NA,"R (>= 3.1)","digest, grid, gtable (>= 0.1.1), MASS, plyr (>= 1.7.1),
reshape2, scales (>= 0.3.0), stats",NA,"covr, ggplot2movies, hexbin, Hmisc, lattice, mapproj, maps,
maptools, mgcv, multcomp, nlme, testthat (>= 0.11.0), quantreg,
knitr, rpart, rmarkdown, svglite","sp","GPL-2",NA,NA,NA,NA,"no","3.3.1"
"ggthemes","ggthemes","E:/R-3.3.1/library","3.0.3",NA,"R (>= 3.0.0),","assertthat, colorspace, ggplot2 (>= 2.0.0), graphics, grid,
methods, scales",NA,"extrafont, knitr, lintr, maps, mapproj, pander, plyr,
reshape2, rmarkdown, testthat",NA,"GPL-2",NA,NA,NA,NA,"no","3.3.0"
"git2r","git2r","E:/R-3.3.1/library","0.15.0",NA,"R (>= 3.0.2), methods","graphics, utils",NA,NA,NA,"GPL-2",NA,NA,NA,NA,"yes","3.3.0"
"glmnet","glmnet","E:/R-3.3.1/library","2.0-5",NA,"Matrix (>= 1.0-6), utils, foreach","methods",NA,"survival, knitr, lars",NA,"GPL-2",NA,NA,NA,NA,"yes","3.3.0"
"googleVis","googleVis","E:/R-3.3.1/library","0.5.10",NA,"R (>= 3.0.2)","methods, RJSONIO, utils",NA,"shiny (>= 0.4.0), httpuv (>= 1.2.0), knitr (>= 1.5)",NA,"GPL (>= 2)",NA,NA,NA,NA,"no","3.3.1"
"graphics","graphics","E:/R-3.3.1/library","3.3.1","base",NA,"grDevices",NA,NA,NA,"Part of R 3.3.1",NA,NA,NA,NA,NA,"3.3.1"
"grDevices","grDevices","E:/R-3.3.1/library","3.3.1","base",NA,NA,NA,"KernSmooth",NA,"Part of R 3.3.1",NA,NA,NA,NA,NA,"3.3.1"
"grid","grid","E:/R-3.3.1/library","3.3.1","base",NA,"grDevices, utils",NA,"lattice",NA,"Part of R 3.3.1",NA,NA,NA,NA,NA,"3.3.1"
"gridBase","gridBase","E:/R-3.3.1/library","0.4-7",NA,"R (>= 2.3.0)","graphics, grid",NA,"lattice",NA,"GPL",NA,NA,NA,NA,"no","3.3.1"
"gridExtra","gridExtra","E:/R-3.3.1/library","2.2.1",NA,NA,"gtable, grid, grDevices, graphics, utils",NA,"ggplot2, lattice, knitr, testthat",NA,"GPL (>= 2)",NA,NA,NA,NA,"no","3.3.1"
"gss","gss","E:/R-3.3.1/library","2.1-5",NA,"R (>= 2.14.0), stats",NA,NA,NA,NA,"GPL (>= 2)",NA,NA,NA,NA,"yes","3.3.0"
"gsubfn","gsubfn","E:/R-3.3.1/library","0.6-6",NA,"R (>= 2.15.0), proto",NA,NA,"boot, chron, doBy, grid, lattice, quantreg, reshape, svUnit,
tcltk, zoo",NA,"GPL (>= 2)",NA,NA,NA,NA,"no","3.3.1"
"gtable","gtable","E:/R-3.3.1/library","0.2.0",NA,"R (>= 2.14)","grid",NA,"testthat, covr",NA,"GPL-2",NA,NA,NA,NA,"no","3.3.1"
"highr","highr","E:/R-3.3.1/library","0.6",NA,"R (>= 3.0.2)",NA,NA,"knitr, testit",NA,"GPL",NA,NA,NA,NA,"no","3.3.0"
"HistData","HistData","E:/R-3.3.1/library","0.7-8",NA,"R (>= 2.10)",NA,NA,"gtools, KernSmooth, maps, ggplot2, proto, grid, reshape,
plyr, lattice, jpeg, car, gplots, sp, heplots, knitr, rmarkdown",NA,"GPL",NA,NA,NA,NA,"no","3.3.0"
"Hmisc","Hmisc","E:/R-3.3.1/library","3.17-4",NA,"lattice, survival (>= 2.37-6), Formula, ggplot2 (>= 2.0)","methods, latticeExtra, cluster, rpart, nnet, acepack, foreign,
gtable, grid, gridExtra, data.table",NA,"chron, rms, mice, tables, knitr, ff, ffbase, htmltools",NA,"GPL (>= 2)",NA,NA,NA,NA,"yes","3.3.0"
"HSAUR","HSAUR","E:/R-3.3.1/library","1.3-7",NA,"R (>= 2.2.0), tools",NA,NA,"lattice, MASS, scatterplot3d (>= 0.3-23), ape (>= 1.6), coin
(>= 0.3-3), flexmix (>= 1.1-0), gee (>= 4.13-10), lme4 (>=
0.98-1), mclust (>= 3.0-0), party (>= 0.2-8), randomForest (>=
4.5-12), rmeta (>= 2.12), vcd (>= 0.9-3), survival, KernSmooth,
rpart, mvtnorm, Matrix, boot, TH.data",NA,"GPL",NA,NA,NA,NA,"no","3.3.1"
"htmltools","htmltools","E:/R-3.3.1/library","0.3.5",NA,"R (>= 2.14.1)","utils, digest, Rcpp","Rcpp","markdown, testthat","knitr","GPL (>= 2)",NA,NA,NA,NA,"yes","3.3.0"
"htmlwidgets","htmlwidgets","E:/R-3.3.1/library","0.6",NA,NA,"htmltools (>= 0.3), jsonlite (>= 0.9.16), yaml",NA,"knitr (>= 1.8)","shiny (>= 0.12)","MIT + file LICENSE",NA,NA,NA,NA,"no","3.3.1"
"httpuv","httpuv","E:/R-3.3.1/library","1.3.3",NA,"R (>= 2.15.1), methods","Rcpp (>= 0.11.0), utils","Rcpp",NA,NA,"GPL-3 | file LICENSE",NA,NA,NA,NA,"yes","3.3.1"
"httr","httr","E:/R-3.3.1/library","1.2.0",NA,"R (>= 3.0.0)","jsonlite, mime, curl (>= 0.9.1), openssl (>= 0.8), R6",NA,"httpuv, jpeg, knitr, png, testthat (>= 0.8.0), readr, xml2,
rmarkdown",NA,"MIT + file LICENSE",NA,NA,NA,NA,"no","3.3.1"
"hypergeo","hypergeo","E:/R-3.3.1/library","1.2-13",NA,"R (>= 3.1.0),","elliptic (>= 1.3-5), contfrac (>= 1.1-9), deSolve",NA,NA,NA,"GPL-2",NA,NA,NA,NA,"no","3.3.0"
"igraph","igraph","E:/R-3.3.1/library","1.0.1",NA,"methods","Matrix, magrittr, NMF, irlba",NA,"igraphdata, stats4, rgl, tcltk, graph, ape, scales",NA,"GPL (>= 2)",NA,NA,NA,NA,"yes","3.3.0"
"installr","installr","E:/R-3.3.1/library","0.17.8",NA,"R (>= 2.11.0), utils",NA,NA,"curl, stringr, XML, devtools, rjson, data.table, plyr,
ggplot2, sp, tools",NA,"GPL-2",NA,NA,"windows",NA,"no","3.3.1"
"irlba","irlba","E:/R-3.3.1/library","2.0.0",NA,"Matrix","stats",NA,NA,NA,"GPL",NA,NA,NA,NA,"no","3.3.1"
"ISLR","ISLR","E:/R-3.3.1/library","1.0",NA,"R (>= 2.10)",NA,NA,"MASS",NA,"GPL-2",NA,NA,NA,NA,"no","3.3.1"
"ISwR","ISwR","E:/R-3.3.1/library","2.0-7",NA,"R (>= 2.6.0)",NA,NA,"survival,MASS",NA,"GPL (>= 2)",NA,NA,NA,NA,"no","3.3.1"
"iterators","iterators","E:/R-3.3.1/library","1.0.8",NA,"R (>= 2.5.0), utils",NA,NA,"RUnit",NA,"Apache License (== 2.0)",NA,NA,NA,NA,"no","3.3.0"
"jpeg","jpeg","E:/R-3.3.1/library","0.1-8",NA,"R (>= 2.9.0)",NA,NA,NA,NA,"GPL-2 | GPL-3",NA,NA,NA,NA,"yes","3.3.0"
"jsonlite","jsonlite","E:/R-3.3.1/library","0.9.22",NA,"methods",NA,NA,"httr, curl, plyr, testthat, knitr, rmarkdown, R.rsp",NA,"MIT + file LICENSE",NA,NA,NA,NA,"yes","3.3.1"
"Kendall","Kendall","E:/R-3.3.1/library","2.2",NA,"R (>= 2.1.0)","boot",NA,NA,NA,"GPL (>= 2)",NA,NA,NA,NA,NA,"3.3.1"
"KernSmooth","KernSmooth","E:/R-3.3.1/library","2.23-15","recommended","R (>= 2.5.0), stats",NA,NA,"MASS",NA,"Unlimited",NA,NA,NA,NA,"yes","3.3.1"
"knitr","knitr","E:/R-3.3.1/library","1.13",NA,"R (> 3.0.2)","evaluate (>= 0.8), digest, formatR, highr, markdown, stringr
(>= 0.6), yaml (>= 2.1.5), methods, tools",NA,"testit, rgl (>= 0.95.1201), codetools, rmarkdown,
htmlwidgets, webshot, tikzDevice (>= 0.10), png, jpeg, XML,
RCurl",NA,"GPL",NA,NA,NA,NA,"no","3.3.0"
"labeling","labeling","E:/R-3.3.1/library","0.3",NA,NA,NA,NA,NA,NA,"MIT + file LICENSE | Unlimited",NA,NA,NA,NA,"no","3.3.0"
"lattice","lattice","E:/R-3.3.1/library","0.20-33","recommended","R (>= 3.0.0)","grid, grDevices, graphics, stats, utils",NA,"KernSmooth, MASS","chron","GPL (>= 2)",NA,NA,NA,NA,"yes","3.3.1"
"latticeExtra","latticeExtra","E:/R-3.3.1/library","0.6-28",NA,"R (>= 2.10.0), lattice, RColorBrewer","grid, stats, utils, grDevices",NA,"maps, mapproj, deldir, tripack, zoo, MASS, quantreg, mgcv",NA,"GPL (>= 2)",NA,NA,NA,NA,"no","3.3.1"
"lawstat","lawstat","E:/R-3.3.1/library","3.0",NA,"R (>= 2.6.0), Hmisc, Kendall, mvtnorm, VGAM",NA,NA,"fBasics",NA,"GPL (>= 2)",NA,NA,NA,NA,"no","3.3.1"
"lazyeval","lazyeval","E:/R-3.3.1/library","0.2.0",NA,"R (>= 3.1.0)",NA,NA,"knitr, rmarkdown (>= 0.2.65), testthat, covr",NA,"GPL-3",NA,NA,NA,NA,"yes","3.3.0"
"leaps","leaps","E:/R-3.3.1/library","2.9",NA,"",NA,NA,"biglm",NA,"GPL (>= 2)",NA,NA,NA,NA,NA,"3.3.1"
"lhs","lhs","E:/R-3.3.1/library","0.13",NA,"R (>= 2.14.2)",NA,NA,"RUnit",NA,"GPL (>= 2)",NA,NA,NA,NA,"yes","3.3.0"
"lme4","lme4","E:/R-3.3.1/library","1.1-12",NA,"R (>= 3.0.2), Matrix (>= 1.1.1), methods, stats","graphics, grid, splines, utils, parallel, MASS, lattice, nlme
(>= 3.1-123), minqa (>= 1.1.15), nloptr (>= 1.0.4)","Rcpp (>= 0.10.5), RcppEigen","knitr, boot, PKPDmodels, MEMSS, testthat (>= 0.8.1), ggplot2,
mlmRev, optimx (>= 2013.8.6), gamm4, pbkrtest, HSAUR2, numDeriv",NA,"GPL (>= 2)",NA,NA,NA,NA,"yes","3.3.0"
"lmtest","lmtest","E:/R-3.3.1/library","0.9-34",NA,"R (>= 2.10.0), stats, zoo","graphics",NA,"car, strucchange, sandwich, dynlm, stats4, survival, AER",NA,"GPL-2 | GPL-3",NA,NA,NA,NA,"yes","3.3.1"
"lubridate","lubridate","E:/R-3.3.1/library","1.5.6",NA,"methods, R (>= 3.0.0)","stringr",NA,"testthat, knitr, covr","chron, timeDate, zoo, xts, its, tis, timeSeries, fts, tseries","GPL-2",NA,NA,NA,NA,"yes","3.3.1"
"magrittr","magrittr","E:/R-3.3.1/library","1.5",NA,NA,NA,NA,"testthat, knitr",NA,"MIT + file LICENSE",NA,NA,NA,NA,"no","3.3.1"
"manipulate","manipulate","E:/R-3.3.1/library","1.0.1",NA,"R (>= 2.11.1)",NA,NA,NA,NA,"GPL-2",NA,NA,NA,NA,"no","3.3.0"
"maps","maps","E:/R-3.3.1/library","3.1.0",NA,"R (>= 2.14.0)","graphics, utils",NA,"mapproj (>= 1.2-0), mapdata (>= 2.2-4), sp, maptools",NA,"GPL-2",NA,NA,NA,NA,"yes","3.3.1"
"markdown","markdown","E:/R-3.3.1/library","0.7.7",NA,"R (>= 2.11.1)","mime (>= 0.3)",NA,"knitr, RCurl",NA,"GPL-2",NA,NA,NA,NA,"yes","3.3.1"
"MASS","MASS","E:/R-3.3.1/library","7.3-45","recommended","R (>= 3.1.0), grDevices, graphics, stats, utils","methods",NA,"lattice, nlme, nnet, survival",NA,"GPL-2 | GPL-3",NA,NA,NA,NA,"yes","3.3.1"
"Matrix","Matrix","E:/R-3.3.1/library","1.2-6","recommended","R (>= 3.0.1)","methods, graphics, grid, stats, utils, lattice",NA,"expm, MASS","MatrixModels, graph, SparseM, sfsmisc","GPL (>= 2) | file LICENCE",NA,NA,NA,NA,"yes","3.3.1"
"matrixcalc","matrixcalc","E:/R-3.3.1/library","1.0-3",NA,"R (>= 2.0.1)",NA,NA,NA,NA,"GPL (>= 2)",NA,NA,NA,NA,NA,"3.3.0"
"MatrixModels","MatrixModels","E:/R-3.3.1/library","0.4-1",NA,"R (>= 3.0.1)","stats, methods, Matrix (>= 1.1-5)",NA,NA,NA,"GPL (>= 2)",NA,NA,NA,NA,"no","3.3.1"
"memoise","memoise","E:/R-3.3.1/library","1.0.0",NA,NA,"digest (>= 0.6.3)",NA,"testthat",NA,"MIT + file LICENSE",NA,NA,NA,NA,"no","3.3.1"
"methods","methods","E:/R-3.3.1/library","3.3.1","base",NA,"utils, stats",NA,"codetools",NA,"Part of R 3.3.1",NA,NA,NA,NA,NA,"3.3.1"
"mgcv","mgcv","E:/R-3.3.1/library","1.8-12","recommended","R (>= 2.14.0), nlme (>= 3.1-64)","methods, stats, graphics, Matrix",NA,"splines, parallel, survival, MASS",NA,"GPL (>= 2)",NA,NA,NA,NA,"yes","3.3.1"
"mi","mi","E:/R-3.3.1/library","1.0",NA,"R (>= 3.0.0), methods, Matrix, stats4","arm (>= 1.4-11)",NA,"betareg, lattice, knitr, MASS, nnet, parallel, sn, survival,
truncnorm, foreign",NA,"GPL (>= 2)",NA,NA,NA,NA,"no","3.3.1"
"mime","mime","E:/R-3.3.1/library","0.4",NA,NA,"tools",NA,NA,NA,"GPL-2",NA,NA,NA,NA,"yes","3.3.0"
"MindOnStats","MindOnStats","E:/R-3.3.1/library","0.11",NA,"R (>= 2.14.0)",NA,NA,NA,NA,"GPL",NA,NA,NA,NA,"no","3.3.0"
"miniUI","miniUI","E:/R-3.3.1/library","0.1.1",NA,NA,"shiny (>= 0.13), htmltools (>= 0.3), utils",NA,NA,NA,"GPL-3",NA,NA,NA,NA,"no","3.3.1"
"minqa","minqa","E:/R-3.3.1/library","1.2.4",NA,NA,"Rcpp (>= 0.9.10)","Rcpp",NA,NA,"GPL-2",NA,NA,NA,NA,"yes","3.3.1"
"mixlm","mixlm","E:/R-3.3.1/library","1.1.3",NA,NA,"lme4, car, pls, multcomp, pracma, leaps",NA,NA,NA,"GPL (>= 2)",NA,NA,NA,NA,"no","3.3.0"
"modeltools","modeltools","E:/R-3.3.1/library","0.2-21",NA,"stats, stats4","methods",NA,NA,NA,"GPL-2",NA,NA,NA,NA,"no","3.3.0"
"moments","moments","E:/R-3.3.1/library","0.14",NA,NA,NA,NA,NA,NA,"GPL (>= 2)",NA,NA,NA,NA,"no","3.3.0"
"mosaic","mosaic","E:/R-3.3.1/library","0.14",NA,"R (>= 3.0.0), dplyr, lattice (>= 0.20-21), ggplot2,
mosaicData, Matrix","lazyeval (>= 0.1.10.9000), MASS, grid, reshape2, readr,
methods, utils, splines, latticeExtra, ggdendro, gridExtra",NA,"lubridate, fastR, magrittr, NHANES, RCurl, sp, maptools, vcd,
testthat, tidyr, knitr, tools, parallel, mapproj, rgl,
rmarkdown","manipulate","GPL (>= 2)",NA,NA,NA,NA,"no","3.3.1"
"mosaicData","mosaicData","E:/R-3.3.1/library","0.14.0",NA,"R (>= 3.0.0)",NA,NA,"lattice, mosaic, reshape2, ggplot2, dplyr",NA,"GPL (>= 2)",NA,NA,NA,NA,"no","3.3.1"
"multcomp","multcomp","E:/R-3.3.1/library","1.4-5",NA,"stats, graphics, mvtnorm (>= 1.0-3), survival (>= 2.35-7),
TH.data (>= 1.0-2)","sandwich (>= 2.3-0), codetools",NA,"lme4 (>= 0.999375-16), nlme, robustbase, coin, MASS, car,
foreign, xtable, lmtest, coxme (>= 2.2-1), SimComp, ISwR",NA,"GPL-2",NA,NA,NA,NA,"no","3.3.0"
"munsell","munsell","E:/R-3.3.1/library","0.4.3",NA,NA,"colorspace, methods",NA,"ggplot2, testthat",NA,"MIT + file LICENSE",NA,NA,NA,NA,"no","3.3.1"
"mvtnorm","mvtnorm","E:/R-3.3.1/library","1.0-5",NA,"R(>= 1.9.0)","stats, methods",NA,NA,NA,"GPL-2",NA,NA,NA,NA,"yes","3.3.0"
"nlme","nlme","E:/R-3.3.1/library","3.1-128","recommended","R (>= 3.0.2)","graphics, stats, utils, lattice",NA,"Hmisc, MASS",NA,"GPL (>= 2) | file LICENCE",NA,NA,NA,NA,"yes","3.3.1"
"nloptr","nloptr","E:/R-3.3.1/library","1.0.4",NA,NA,NA,NA,"testthat (>= 0.8.1)",NA,"LGPL-3",NA,NA,NA,NA,"yes","3.3.1"
"NMF","NMF","E:/R-3.3.1/library","0.20.6",NA,"R (>= 3.0.0), methods, utils, pkgmaker (>= 0.20), registry,
rngtools (>= 1.2.3), cluster","graphics, stats, stringr (>= 1.0.0), digest, grid, grDevices,
gridBase, colorspace, RColorBrewer, foreach, doParallel,
ggplot2, reshape2",NA,"RcppOctave (>= 0.11), fastICA, doMPI, bigmemory (>= 4.2),
synchronicity, corpcor, xtable, devtools, knitr, bibtex, RUnit,
mail, Biobase",NA,"GPL (>= 2)",NA,NA,NA,NA,"yes","3.3.1"
"nnet","nnet","E:/R-3.3.1/library","7.3-12","recommended","R (>= 2.14.0), stats, utils",NA,NA,"MASS",NA,"GPL-2 | GPL-3",NA,NA,NA,NA,"yes","3.3.1"
"openintro","openintro","E:/R-3.3.1/library","1.4",NA,"graphics, grDevices, stats, utils, R (>= 2.10)",NA,NA,NA,NA,"GPL-2 | GPL-3",NA,NA,NA,NA,NA,"3.3.0"
"openssl","openssl","E:/R-3.3.1/library","0.9.4",NA,NA,NA,NA,"testthat, digest, knitr, rmarkdown, jsonlite",NA,"MIT + file LICENSE",NA,NA,NA,NA,"yes","3.3.0"
"ordinal","ordinal","E:/R-3.3.1/library","2015.6-28",NA,"R (>= 2.13.0), methods","ucminf, MASS, Matrix",NA,"lme4, nnet, xtable, testthat (>= 0.8)",NA,"GPL (>= 2)",NA,NA,NA,NA,"yes","3.3.1"
"parallel","parallel","E:/R-3.3.1/library","3.3.1","base",NA,"tools",NA,"methods","snow, nws, Rmpi","Part of R 3.3.1",NA,NA,NA,NA,NA,"3.3.1"
"pbkrtest","pbkrtest","E:/R-3.3.1/library","0.4-6",NA,"R (>= 3.2.3), lme4 (>= 1.1.10)","Matrix (>= 1.2.3), parallel, MASS, methods",NA,"gplots",NA,"GPL (>= 2)",NA,NA,NA,NA,"no","3.3.1"
"pkgmaker","pkgmaker","E:/R-3.3.1/library","0.22",NA,"R (>= 3.0.0), stats, registry","methods, tools, codetools, digest, stringr, xtable, grDevices",NA,"devtools (>= 0.8), bibtex, RUnit, testthat, knitr,
ReportingTools, hwriter, argparse",NA,"GPL (>= 2)",NA,NA,NA,NA,"no","3.3.1"
"plotrix","plotrix","E:/R-3.3.1/library","3.6-2",NA,NA,"grDevices, graphics, stats, utils",NA,NA,NA,"GPL (>= 2)",NA,NA,NA,NA,"no","3.3.0"
"pls","pls","E:/R-3.3.1/library","2.5-0",NA,"R (>= 2.10)","grDevices, graphics, methods, stats",NA,"MASS, parallel, Rmpi",NA,"GPL-2",NA,NA,NA,NA,"no","3.3.1"
"plyr","plyr","E:/R-3.3.1/library","1.8.4",NA,"R (>= 3.1.0)","Rcpp (>= 0.11.0)","Rcpp","abind, testthat, tcltk, foreach, doParallel, itertools,
iterators, covr",NA,"MIT + file LICENSE",NA,NA,NA,NA,"yes","3.3.0"
"pracma","pracma","E:/R-3.3.1/library","1.9.3",NA,"R (>= 2.11.1)","graphics, grDevices, stats, utils, quadprog",NA,NA,NA,"GPL (>= 3)",NA,NA,NA,NA,"no","3.3.0"
"praise","praise","E:/R-3.3.1/library","1.0.0",NA,NA,NA,NA,"testthat",NA,"MIT + file LICENSE",NA,NA,NA,NA,"no","3.3.1"
"prob","prob","E:/R-3.3.1/library","0.9-5",NA,"combinat, fAsianOptions, hypergeo, VGAM",NA,NA,NA,NA,"GPL (>= 3)",NA,NA,NA,NA,"no","3.3.1"
"proto","proto","E:/R-3.3.1/library","0.3-10",NA,NA,NA,NA,"graph, Rgraphviz",NA,"GPL-2",NA,NA,NA,NA,NA,"3.3.0"
"pwr","pwr","E:/R-3.3.1/library","1.1-3",NA,NA,"stats",NA,NA,NA,"GPL (>= 3)",NA,NA,NA,NA,"no","3.3.0"
"quadprog","quadprog","E:/R-3.3.1/library","1.5-5",NA,"R (>= 2.15.0)",NA,NA,NA,NA,"GPL (>= 2)",NA,NA,NA,NA,"yes","3.3.0"
"Quandl","Quandl","E:/R-3.3.1/library","2.8.0",NA,"R (>= 2.15.0), xts","httr (>= 0.6.1), zoo, jsonlite (>= 0.9.14)",NA,"testthat (>= 0.10.0), roxygen2, timeSeries",NA,"MIT + file LICENSE",NA,NA,NA,NA,"no","3.3.0"
"quantreg","quantreg","E:/R-3.3.1/library","5.26",NA,"R (>= 2.6), stats, SparseM","methods, graphics, Matrix, MatrixModels",NA,"tripack, akima, MASS, survival, rgl, logspline, nor1mix,
Formula, zoo",NA,"GPL (>= 2)",NA,NA,NA,NA,"yes","3.3.0"
"R6","R6","E:/R-3.3.1/library","2.1.2",NA,"R (>= 3.0)",NA,NA,"knitr, microbenchmark, pryr, testthat, ggplot2, scales",NA,"MIT + file LICENSE",NA,NA,NA,NA,"no","3.3.1"
"Rcmdr","Rcmdr","E:/R-3.3.1/library","2.2-5",NA,"R (>= 3.2.0), grDevices, utils, splines, RcmdrMisc (>= 1.0-3),
car (>= 2.1-2)","tcltk, tcltk2 (>= 1.2-6), abind, graphics, methods, stats,
relimp (>= 1.0-5)",NA,"aplpack, colorspace, effects (>= 3.0-1), e1071, foreign,
grid, Hmisc, knitr, lattice, leaps, lmtest, markdown, MASS,
mgcv, multcomp (>= 0.991-2), nlme, nnet, readxl, rgl,
rglwidget, rmarkdown (>= 0.9.5), sem (>= 2.1-1)",NA,"GPL (>= 2)",NA,NA,NA,NA,"no","3.3.1"
"RcmdrMisc","RcmdrMisc","E:/R-3.3.1/library","1.0-4",NA,"R (>= 3.0.0), utils, car, sandwich","abind, colorspace, Hmisc, MASS, e1071, readxl, graphics,
grDevices, stats",NA,NA,NA,"GPL (>= 2)",NA,NA,NA,NA,"no","3.3.0"
"RcmdrPlugin.coin","RcmdrPlugin.coin","E:/R-3.3.1/library","1.0-22",NA,"R (>= 2.10), Rcmdr (>= 1.7.0), coin, survival, multcomp",NA,NA,NA,NA,"GPL (>= 2)",NA,NA,NA,NA,"no","3.3.1"
"RcmdrPlugin.DoE","RcmdrPlugin.DoE","E:/R-3.3.1/library","0.12-3",NA,"R (>= 2.10.0), utils, DoE.base (>= 0.22-8), FrF2 (>= 1.2-10),
DoE.wrapper (>= 0.8-6), tcltk, relimp","Rcmdr, RcmdrMisc",NA,"FrF2.catlg128",NA,"GPL (>= 2)",NA,NA,NA,NA,"no","3.3.1"
"RcmdrPlugin.doex","RcmdrPlugin.doex","E:/R-3.3.1/library","0.2.0",NA,"Rcmdr (>= 1.7-0), multcomp",NA,NA,NA,NA,"GPL (>= 2)",NA,NA,NA,NA,NA,"3.3.1"
"RcmdrPlugin.EcoVirtual","RcmdrPlugin.EcoVirtual","E:/R-3.3.1/library","0.1",NA,"Rcmdr (>= 1.4-0), EcoVirtual",NA,NA,NA,NA,"GPL (>= 2)",NA,NA,NA,NA,"no","3.3.1"
"RcmdrPlugin.epack","RcmdrPlugin.epack","E:/R-3.3.1/library","1.2.5",NA,"Rcmdr (>= 1.8-3), TeachingDemos, tseries,
abind,MASS,xts,forecast",NA,NA,NA,NA,"GPL (>= 2)",NA,NA,NA,NA,NA,"3.3.1"
"RcmdrPlugin.EZR","RcmdrPlugin.EZR","E:/R-3.3.1/library","1.32",NA,"R (>= 3.0.0)","Rcmdr (>= 2.2.0)",NA,"abind, aod, aplpack, car, clinfun, cmprsk, foreign, meta,
metatest, multcomp, mvtnorm, optmatch, pROC, tableone, readxl",NA,"GPL (>= 2)",NA,NA,NA,NA,"no","3.3.1"
"RcmdrPlugin.IPSUR","RcmdrPlugin.IPSUR","E:/R-3.3.1/library","0.2-1",NA,NA,"Rcmdr (>= 2.1-0)",NA,"abind, car, distr, distrEx, e1071, effects (>= 1.0-7),
foreign, grid, lattice, lmtest, MASS, mgcv, multcomp (>=
0.991-2), nlme, nnet, qcc, relimp, RODBC",NA,"GPL (>= 2)",NA,NA,NA,NA,"no","3.3.1"
"RcmdrPlugin.KMggplot2","RcmdrPlugin.KMggplot2","E:/R-3.3.1/library","0.2-3",NA,"R (>= 3.1.3), grid, Rcmdr (>= 2.1-7), ggplot2 (>= 2.0.0)","stats, methods, utils, grDevices, graphics, ggthemes (>=
3.0.0), plyr (>= 1.8.3), RColorBrewer (>= 1.1-2), scales (>=
0.3.0), survival (>= 2.38-3), tcltk2 (>= 1.2-11)",NA,"extrafont, knitr, rmarkdown",NA,"GPL-2",NA,NA,NA,NA,"no","3.3.1"
"RcmdrPlugin.mosaic","RcmdrPlugin.mosaic","E:/R-3.3.1/library","1.0-7",NA,"ENmisc, vcd (>= 1.2-11), Hmisc, Rcmdr",NA,NA,NA,NA,"GPL-2",NA,NA,NA,NA,NA,"3.3.1"
"RcmdrPlugin.MPAStats","RcmdrPlugin.MPAStats","E:/R-3.3.1/library","1.2.1",NA,"Rcmdr (>= 1.4-0), ordinal",NA,NA,NA,NA,"GPL (> 2)",NA,NA,NA,NA,"no","3.3.0"
"RcmdrPlugin.NMBU","RcmdrPlugin.NMBU","E:/R-3.3.1/library","1.8.5",NA,"R (>= 3.0.0), mixlm (>= 1.1.1), MASS, pls, xtable","Rcmdr (>= 2.1-7), tcltk",NA,"lme4, leaps, mvtnorm, gmodels, abind, lattice, pbkrtest, vcd,
multcomp, e1071, nnet",NA,"GPL (>= 2)",NA,NA,NA,NA,"no","3.3.1"
"RcmdrPlugin.plotByGroup","RcmdrPlugin.plotByGroup","E:/R-3.3.1/library","0.1-0",NA,"R (>= 2.13.0), Rcmdr (>= 1.4-6),lattice,grid,grDevices",NA,NA,NA,NA,"GPL (>= 2)",NA,NA,NA,NA,NA,"3.3.1"
"RcmdrPlugin.TeachingDemos","RcmdrPlugin.TeachingDemos","E:/R-3.3.1/library","1.0-7",NA,"rgl, TeachingDemos (>= 2.9)","Rcmdr",NA,"tkrplot",NA,"GPL (>= 2)",NA,NA,NA,NA,NA,"3.3.1"
"RColorBrewer","RColorBrewer","E:/R-3.3.1/library","1.1-2",NA,"R (>= 2.0.0)",NA,NA,NA,NA,"Apache License 2.0",NA,NA,NA,NA,"no","3.3.0"
"Rcpp","Rcpp","E:/R-3.3.1/library","0.12.5",NA,"R (>= 3.0.0)","methods, utils",NA,"RUnit, inline, rbenchmark, highlight, pkgKitten (>= 0.1.2)",NA,"GPL (>= 2)",NA,NA,NA,NA,"yes","3.3.0"
"RcppArmadillo","RcppArmadillo","E:/R-3.3.1/library","0.7.100.3.1",NA,NA,"Rcpp (>= 0.11.0), stats, utils","Rcpp","RUnit, Matrix, pkgKitten",NA,"GPL (>= 2)",NA,NA,NA,NA,"yes","3.3.0"
"RcppEigen","RcppEigen","E:/R-3.3.1/library","0.3.2.8.1",NA,"R (>= 2.15.1)","Matrix (>= 1.1-0), Rcpp (>= 0.11.0), stats, utils","Rcpp","inline, RUnit, pkgKitten",NA,"GPL (>= 2) | file LICENSE",NA,NA,NA,NA,"yes","3.3.1"
"RCurl","RCurl","E:/R-3.3.1/library","1.95-4.8",NA,"R (>= 3.0.0), methods, bitops",NA,NA,"Rcompression, XML",NA,"BSD",NA,NA,NA,NA,"yes","3.3.0"
"readr","readr","E:/R-3.3.1/library","0.2.2",NA,"R (>= 3.0.2)","Rcpp (>= 0.11.5), curl","Rcpp, BH","testthat, knitr, rmarkdown, stringi",NA,"GPL (>= 2) | file LICENSE",NA,NA,NA,NA,"yes","3.3.1"
"readxl","readxl","E:/R-3.3.1/library","0.1.1",NA,NA,"Rcpp (>= 0.11.5)","Rcpp","testthat",NA,"GPL-3 + file LICENSE",NA,NA,NA,NA,"yes","3.3.0"
"registry","registry","E:/R-3.3.1/library","0.3",NA,"R (>= 2.6.0)","utils",NA,NA,NA,"GPL-2",NA,NA,NA,NA,"no","3.3.0"
"relimp","relimp","E:/R-3.3.1/library","1.0-5",NA,"R (>= 2.0.0)","stats, utils",NA,"tcltk, nnet, MASS, Rcmdr",NA,"GPL (>= 2)",NA,NA,NA,NA,"no","3.3.0"
"reshape2","reshape2","E:/R-3.3.1/library","1.4.1",NA,NA,"plyr (>= 1.8.1), stringr, Rcpp","Rcpp","testthat (>= 0.8.0), lattice",NA,"MIT + file LICENSE",NA,NA,NA,NA,"yes","3.3.1"
"rgl","rgl","E:/R-3.3.1/library","0.95.1441",NA,"R (>= 2.15.0)","graphics, grDevices, stats, utils",NA,"MASS, rglwidget (>= 0.1.1427), knitr, rmarkdown",NA,"GPL",NA,NA,NA,NA,"yes","3.3.1"
"rJava","rJava","E:/R-3.3.1/library","0.9-8",NA,"R (>= 2.5.0), methods",NA,NA,NA,NA,"GPL-2",NA,NA,NA,NA,"yes","3.3.0"
"RJSONIO","RJSONIO","E:/R-3.3.1/library","1.3-0",NA,NA,"methods",NA,NA,NA,"BSD_3_clause + file LICENSE",NA,NA,NA,NA,"yes","3.3.0"
"rmarkdown","rmarkdown","E:/R-3.3.1/library","1.0.1",NA,"R (>= 3.0)","tools, utils, grDevices, knitr (>= 1.13), yaml (>= 2.1.5),
htmltools (>= 0.2.4), caTools, evaluate, base64enc, jsonlite",NA,"shiny (>= 0.11), tufte, testthat, digest",NA,"GPL-3",NA,NA,NA,NA,NA,"3.3.1"
"rngtools","rngtools","E:/R-3.3.1/library","1.2.4",NA,"R (>= 3.0.0), methods, pkgmaker (>= 0.20)","stringr, digest",NA,"parallel, RUnit, knitr",NA,"GPL-3",NA,NA,NA,NA,"no","3.3.1"
"RODBC","RODBC","E:/R-3.3.1/library","1.3-13",NA,"R (>= 3.0.0)","stats",NA,NA,NA,"GPL-2 | GPL-3",NA,NA,NA,NA,"yes","3.3.0"
"rpart","rpart","E:/R-3.3.1/library","4.1-10","recommended","R (>= 2.15.0), graphics, stats, grDevices",NA,NA,"survival",NA,"GPL-2 | GPL-3",NA,NA,NA,NA,"yes","3.3.1"
"rsm","rsm","E:/R-3.3.1/library","2.7-4",NA,NA,NA,NA,"Vdgraph, conf.design, DoE.base, FrF2",NA,"GPL-2",NA,NA,NA,NA,"no","3.3.1"
"RSQLite","RSQLite","E:/R-3.3.1/library","1.0.0",NA,"R (>= 2.10.0), DBI (>= 0.3.1), methods",NA,NA,"testthat",NA,"LGPL (>= 2)",NA,NA,NA,NA,"yes","3.3.1"
"rstudio","rstudio","E:/R-3.3.1/library","0.98.1091",NA,"R (>= 2.10.0)","utils",NA,NA,NA,"",NA,NA,NA,NA,NA,"3.1.2"
"rstudioapi","rstudioapi","E:/R-3.3.1/library","0.5",NA,NA,NA,NA,"testthat",NA,"MIT + file LICENSE",NA,NA,NA,NA,"no","3.3.1"
"rvest","rvest","E:/R-3.3.1/library","0.3.2",NA,"R (>= 3.0.1), xml2","httr (>= 0.5), selectr, magrittr",NA,"testthat, knitr, png, stringi (>= 0.3.1), rmarkdown, covr",NA,"GPL-3",NA,NA,NA,NA,"no","3.3.1"
"sandwich","sandwich","E:/R-3.3.1/library","2.3-4",NA,"R (>= 2.0.0)","stats, zoo",NA,"car, lmtest, strucchange, AER, survival, MASS, scatterplot3d",NA,"GPL-2 | GPL-3",NA,NA,NA,NA,"no","3.3.1"
"scales","scales","E:/R-3.3.1/library","0.4.0",NA,"R (>= 2.13)","RColorBrewer, dichromat, plyr, munsell (>= 0.2), labeling,
methods, Rcpp","Rcpp","testthat (>= 0.8), covr",NA,"MIT + file LICENSE",NA,NA,NA,NA,"yes","3.3.1"
"scatterplot3d","scatterplot3d","E:/R-3.3.1/library","0.3-37",NA,"R (>= 2.7.0)","grDevices, graphics, stats",NA,NA,NA,"GPL-2",NA,NA,NA,NA,"no","3.3.0"
"selectr","selectr","E:/R-3.3.1/library","0.2-3",NA,"R (>= 2.15.2)","methods, XML, stringr",NA,"testthat",NA,"BSD_3_clause + file LICENCE",NA,NA,NA,NA,"no","3.3.1"
"sem","sem","E:/R-3.3.1/library","3.1-7",NA,"R (>= 2.14.0), stats","matrixcalc, MASS, boot, mi (>= 0.9-99), utils",NA,"polycor, MBESS, DiagrammeR",NA,"GPL (>= 2)",NA,NA,NA,NA,"yes","3.3.0"
"sfsmisc","sfsmisc","E:/R-3.3.1/library","1.1-0",NA,"R (>= 3.0.1)","grDevices, methods, utils, stats",NA,"datasets, tcltk, cluster, lattice, MASS, Matrix, nlme, lokern","mgcv, rpart, nor1mix, polycor, sm, tikzDevice","GPL (>= 2)",NA,NA,NA,NA,"no","3.3.1"
"shiny","shiny","E:/R-3.3.1/library","0.13.2",NA,"R (>= 3.0.0), methods","utils, httpuv (>= 1.3.3), mime (>= 0.3), jsonlite (>= 0.9.16),
xtable, digest, htmltools (>= 0.3), R6 (>= 2.0)",NA,"datasets, Cairo (>= 1.5-5), testthat, knitr (>= 1.6),
markdown, rmarkdown, ggplot2",NA,"GPL-3 | file LICENSE",NA,NA,NA,NA,"no","3.3.0"
"shinyCustom","shinyCustom","E:/R-3.3.1/library","0.1.0",NA,NA,"
htmltools,
shiny",NA,NA,NA,"GPL (>=3)",NA,NA,NA,NA,NA,"3.2.3"
"SMPracticals","SMPracticals","E:/R-3.3.1/library","1.4-2",NA,"R (>= 1.14.0), ellipse","MASS, nlme, survival",NA,NA,NA,"GPL (>= 2)",NA,NA,NA,NA,NA,"3.3.1"
"SparseM","SparseM","E:/R-3.3.1/library","1.7",NA,"R (>= 2.15), methods","graphics, stats, utils",NA,NA,NA,"GPL (>= 2)",NA,NA,NA,NA,"yes","3.3.0"
"spatial","spatial","E:/R-3.3.1/library","7.3-11","recommended","R (>= 3.0.0), graphics, stats, utils",NA,NA,"MASS",NA,"GPL-2 | GPL-3",NA,NA,NA,NA,"yes","3.3.1"
"splines","splines","E:/R-3.3.1/library","3.3.1","base",NA,"graphics, stats",NA,"Matrix, methods",NA,"Part of R 3.3.1",NA,NA,NA,NA,NA,"3.3.1"
"sqldf","sqldf","E:/R-3.3.1/library","0.4-10",NA,"R (>= 3.1.0), gsubfn (>= 0.6), proto, RSQLite (>= 1.0.0)","DBI (>= 0.2-5), chron",NA,"RH2, RMySQL, RPostgreSQL, svUnit, tcltk, MASS",NA,"GPL-2",NA,NA,NA,NA,"no","3.3.1"
"stabledist","stabledist","E:/R-3.3.1/library","0.7-0",NA,"R (>= 3.1.0), stats, utils",NA,NA,"Matrix, fBasics, FMStable, RUnit, Rmpfr, sfsmisc",NA,"GPL (>= 2)",NA,NA,NA,NA,"no","3.3.1"
"startupmsg","startupmsg","E:/R-3.3.1/library","0.9.3",NA,"R(>= 1.8.0)",NA,NA,NA,NA,"LGPL-3",NA,NA,NA,NA,"no","3.3.0"
"stats","stats","E:/R-3.3.1/library","3.3.1","base",NA,"utils, grDevices, graphics",NA,"MASS, Matrix, SuppDists, methods, stats4",NA,"Part of R 3.3.1",NA,NA,NA,NA,NA,"3.3.1"
"stats4","stats4","E:/R-3.3.1/library","3.3.1","base",NA,"graphics, methods, stats",NA,NA,NA,"Part of R 3.3.1",NA,NA,NA,NA,NA,"3.3.1"
"stringi","stringi","E:/R-3.3.1/library","1.1.1",NA,"R (>= 2.13.1)","tools, utils, stats",NA,NA,NA,"file LICENSE","yes",NA,NA,NA,"yes","3.3.0"
"stringr","stringr","E:/R-3.3.1/library","1.0.0",NA,"R (>= 2.14)","stringi (>= 0.4.1), magrittr",NA,"testthat, knitr",NA,"GPL-2",NA,NA,NA,NA,"no","3.3.1"
"survival","survival","E:/R-3.3.1/library","2.39-4","recommended","R (>= 2.13.0)","graphics, Matrix, methods, splines, stats, utils",NA,NA,NA,"LGPL (>= 2)",NA,NA,NA,NA,"yes","3.3.1"
"SweaveListingUtils","SweaveListingUtils","E:/R-3.3.1/library","0.7.5",NA,"R(>= 2.14.0), startupmsg","methods",NA,"distr, MASS, survival, distrEx, Matrix, splines",NA,"LGPL-3",NA,NA,NA,NA,"no","3.3.0"
"swirl","swirl","E:/R-3.3.1/library","2.4.2",NA,"R (>= 3.1.0)","stringr, testthat (>= 1.0.2), httr (>= 1.1.0), yaml, RCurl,
digest, tools, methods",NA,"stringi",NA,"MIT + file LICENSE",NA,NA,NA,NA,"no","3.3.1"
"swirlify","swirlify","E:/R-3.3.1/library","0.4.1",NA,"R (>= 3.2.0), swirl (>= 2.2.11)","stringr, yaml, rmarkdown, whisker, utils",NA,"testthat, digest",NA,"MIT + file LICENSE",NA,NA,NA,NA,"no","3.3.1"
"tcltk","tcltk","E:/R-3.3.1/library","3.3.1","base",NA,"utils",NA,NA,NA,"Part of R 3.3.1",NA,NA,NA,NA,NA,"3.3.1"
"tcltk2","tcltk2","E:/R-3.3.1/library","1.2-11",NA,"R (>= 2.8.0), tcltk",NA,NA,"utils",NA,"LGPL-3 + file LICENSE",NA,NA,NA,NA,"no","3.3.0"
"TeachingDemos","TeachingDemos","E:/R-3.3.1/library","2.10",NA,NA,NA,NA,"tkrplot, lattice, MASS, rgl, tcltk, tcltk2, png, ggplot2,
logspline, maptools, R2wd, manipulate",NA,"Artistic-2.0",NA,NA,NA,NA,"no","3.3.1"
"testthat","testthat","E:/R-3.3.1/library","1.0.2",NA,"R (>= 3.1.0)","digest, crayon, praise, magrittr, R6, methods",NA,"devtools, withr, covr",NA,"MIT + file LICENSE",NA,NA,NA,NA,"yes","3.3.0"
"TH.data","TH.data","E:/R-3.3.1/library","1.0-7",NA,"R (>= 2.10.0), survival, MASS",NA,NA,"dplyr, gdata, plyr",NA,"GPL-3",NA,NA,NA,NA,"no","3.3.1"
"tibble","tibble","E:/R-3.3.1/library","1.0",NA,"R (>= 3.1.2)","methods, assertthat, utils, lazyeval (>= 0.1.10), Rcpp","Rcpp","testthat, withr, knitr, rmarkdown, Lahman (>= 3.0.1),
microbenchmark",NA,"MIT + file LICENSE",NA,NA,NA,NA,"yes","3.3.0"
"tidyr","tidyr","E:/R-3.3.1/library","0.5.1",NA,"R (>= 3.1.0)","tibble, dplyr (>= 0.4), stringi, lazyeval, magrittr, Rcpp","Rcpp","knitr, testthat, covr, gapminder, rmarkdown",NA,"MIT + file LICENSE",NA,NA,NA,NA,"yes","3.3.1"
"tigerstats","tigerstats","E:/R-3.3.1/library","0.2.7",NA,"R(>= 2.10), abd, mosaic, mosaicData","ggplot2, lattice, manipulate, MASS, methods",NA,"knitr, shiny, shinyjs",NA,"GPL (>= 3)",NA,NA,NA,NA,"no","3.3.1"
"timeDate","timeDate","E:/R-3.3.1/library","3012.100",NA,"R (>= 2.15.1), graphics, utils, stats, methods",NA,NA,"date, RUnit",NA,"GPL (>= 2)",NA,NA,NA,NA,"no","3.3.0"
"timeSeries","timeSeries","E:/R-3.3.1/library","3022.101.2",NA,"R (>= 2.10), graphics, grDevices, stats, methods, utils,
timeDate (>= 2150.95)",NA,NA,"RUnit, robustbase, xts, PerformanceAnalytics, fTrading",NA,"GPL (>= 2)",NA,NA,NA,NA,"no","3.3.1"
"tools","tools","E:/R-3.3.1/library","3.3.1","base",NA,NA,NA,"codetools, methods, xml2",NA,"Part of R 3.3.1",NA,NA,NA,NA,NA,"3.3.1"
"translations","translations","E:/R-3.3.1/library","3.3.1",NA,NA,NA,NA,NA,NA,"Part of R 3.3.1",NA,NA,NA,NA,NA,"3.3.1"
"tree","tree","E:/R-3.3.1/library","1.0-37",NA,"R (>= 2.15.0), grDevices, graphics, stats",NA,NA,"MASS",NA,"GPL-2 | GPL-3",NA,NA,NA,NA,"yes","3.3.1"
"tseries","tseries","E:/R-3.3.1/library","0.10-35",NA,"R (>= 2.10.0)","graphics, stats, utils, quadprog, zoo",NA,"its",NA,"GPL-2",NA,NA,NA,NA,"yes","3.3.0"
"tth","tth","E:/R-3.3.1/library","4.3-2-1",NA,"R (>= 2.14.0)",NA,NA,NA,NA,"GPL-2",NA,NA,NA,NA,"yes","3.3.0"
"ucminf","ucminf","E:/R-3.3.1/library","1.1-3",NA,NA,NA,NA,"numDeriv",NA,"GPL (>= 2)",NA,NA,NA,NA,NA,"3.3.0"
"UsingR","UsingR","E:/R-3.3.1/library","2.0-5",NA,"R (>= 2.15.0), MASS, HistData, Hmisc",NA,NA,"zoo, coin, ggplot2, vcd, lubridate, aplpack",NA,"GPL (>= 2)",NA,NA,NA,NA,"no","3.3.1"
"utils","utils","E:/R-3.3.1/library","3.3.1","base",NA,NA,NA,"methods, XML",NA,"Part of R 3.3.1",NA,NA,NA,NA,NA,"3.3.1"
"vcd","vcd","E:/R-3.3.1/library","1.4-1",NA,"R (>= 2.4.0), grid","stats, utils, MASS, grDevices, colorspace, lmtest",NA,"KernSmooth, mvtnorm, kernlab, HSAUR, coin",NA,"GPL-2",NA,NA,NA,NA,"no","3.3.1"
"VGAM","VGAM","E:/R-3.3.1/library","1.0-2",NA,"R (>= 3.1.0), methods, stats, stats4, splines",NA,NA,"VGAMdata, MASS, mgcv",NA,"GPL-2 | GPL-3",NA,NA,NA,NA,"yes","3.3.0"
"visNetwork","visNetwork","E:/R-3.3.1/library","1.0.1",NA,"R (>= 3.0)","htmlwidgets, htmltools, jsonlite, magrittr, utils, methods",NA,"knitr, igraph",NA,"MIT + file LICENSE",NA,NA,NA,NA,"no","3.3.1"
"whisker","whisker","E:/R-3.3.1/library","0.3-2",NA,NA,NA,NA,"markdown",NA,"GPL-3",NA,NA,NA,NA,"no","3.3.1"
"withr","withr","E:/R-3.3.1/library","1.0.2",NA,"R (>= 3.0.2)","stats, graphics",NA,"testthat",NA,"GPL (>= 2)",NA,NA,NA,NA,"no","3.3.1"
"XLConnect","XLConnect","E:/R-3.3.1/library","0.2-12",NA,"R (>= 2.10.0), XLConnectJars (== 0.2-12)","methods, rJava",NA,"RUnit, lattice, ggplot2 (>= 0.9.3), zoo",NA,"GPL-3",NA,NA,NA,NA,"no","3.3.1"
"XLConnectJars","XLConnectJars","E:/R-3.3.1/library","0.2-12",NA,NA,"rJava",NA,NA,NA,"GPL-3",NA,NA,NA,NA,"no","3.3.1"
"XML","XML","E:/R-3.3.1/library","3.98-1.4",NA,"R (>= 2.13.0), methods, utils",NA,NA,"bitops, RCurl",NA,"BSD_2_clause + file LICENSE",NA,NA,NA,NA,"yes","3.3.0"
"xml2","xml2","E:/R-3.3.1/library","1.0.0",NA,"R (>= 3.1.0)","Rcpp","Rcpp (>= 0.11.4.6), BH","testthat, curl, covr, knitr, rmarkdown, magrittr, httr",NA,"GPL (>= 2)",NA,NA,NA,NA,"yes","3.3.1"
"xtable","xtable","E:/R-3.3.1/library","1.8-2",NA,"R (>= 2.10.0)","stats, utils",NA,"knitr, lsmeans, spdep, splm, sphet, plm, zoo, survival",NA,"GPL (>= 2)",NA,NA,NA,NA,"no","3.3.1"
"xts","xts","E:/R-3.3.1/library","0.9-7",NA,"zoo (>= 1.7-10)",NA,NA,"timeSeries,timeDate,tseries,its,chron,fts,tis",NA,"GPL (>= 2)",NA,NA,NA,NA,"yes","3.3.1"
"yaml","yaml","E:/R-3.3.1/library","2.1.13",NA,NA,NA,NA,"testthat",NA,"BSD_3_clause + file LICENSE",NA,NA,NA,NA,"yes","3.3.1"
"zoo","zoo","E:/R-3.3.1/library","1.7-13",NA,"R (>= 2.10.0), stats","utils, graphics, grDevices, lattice (>= 0.20-27)",NA,"coda, chron, DAAG, fts, its, ggplot2, mondate, scales,
strucchange, timeDate, timeSeries, tis, tseries, xts",NA,"GPL-2 | GPL-3",NA,NA,NA,NA,"yes","3.3.0"
